{"cameraMode":{"drawMode":0,"name":"Shaded","section":"Shading Mode"},"sceneLighting":false,"audioPlay":false,"sceneViewState":{"m_AlwaysRefresh":false,"showFog":true,"showSkybox":false,"showFlares":true,"showImageEffects":true,"showParticleSystems":true,"showVisualEffectGraphs":true,"m_FxEnabled":true},"in2DMode":false,"pivot":{"x":-6.1252522468566898,"y":0.2668795585632324,"z":-2.4202497005462648},"rotation":{"x":0.3240096867084503,"y":-0.013620776124298573,"z":0.004665330983698368,"w":0.9459440112113953},"size":6.549607276916504,"orthographic":false}