{"cameraMode":{"drawMode":0,"name":"Shaded","section":"Shading Mode"},"sceneLighting":false,"audioPlay":false,"sceneViewState":{"m_AlwaysRefresh":false,"showFog":true,"showSkybox":false,"showFlares":true,"showImageEffects":true,"showParticleSystems":true,"showVisualEffectGraphs":true,"m_FxEnabled":true},"in2DMode":false,"pivot":{"x":-0.08118018507957459,"y":1.3739173412322999,"z":0.26004350185394289},"rotation":{"x":0.15956717729568482,"y":0.6767890453338623,"z":-0.1538325548171997,"w":0.7020189166069031},"size":0.627426266670227,"orthographic":false}